{"cameraMode":{"drawMode":0,"name":"Shaded","section":"Shading Mode"},"sceneLighting":false,"audioPlay":false,"sceneViewState":{"m_AlwaysRefresh":false,"showFog":true,"showSkybox":false,"showFlares":true,"showImageEffects":true,"showParticleSystems":true,"showVisualEffectGraphs":true,"m_FxEnabled":true},"in2DMode":false,"pivot":{"x":32.11201477050781,"y":12.638739585876465,"z":-48.26923370361328},"rotation":{"x":0.007186132948845625,"y":0.9800940155982971,"z":-0.1951063871383667,"w":0.03607921302318573},"size":0.8835940957069397,"orthographic":false}