{"cameraMode":{"drawMode":0,"name":"Shaded","section":"Shading Mode"},"sceneLighting":false,"audioPlay":false,"sceneViewState":{"m_AlwaysRefresh":false,"showFog":true,"showSkybox":false,"showFlares":true,"showImageEffects":true,"showParticleSystems":true,"showVisualEffectGraphs":true,"m_FxEnabled":true},"in2DMode":false,"pivot":{"x":-0.08734193444252014,"y":0.4379875361919403,"z":0.06384500861167908},"rotation":{"x":0.026920098811388017,"y":-0.2769291400909424,"z":-0.008391451090574265,"w":-0.960555911064148},"size":0.5935059189796448,"orthographic":false}