{"cameraMode":{"drawMode":0,"name":"Shaded","section":"Shading Mode"},"sceneLighting":true,"audioPlay":false,"sceneViewState":{"m_AlwaysRefresh":false,"showFog":true,"showSkybox":true,"showFlares":true,"showImageEffects":true,"showParticleSystems":true,"showVisualEffectGraphs":true,"m_FxEnabled":true},"in2DMode":false,"pivot":{"x":36.33127975463867,"y":14.98031997680664,"z":-45.08906173706055},"rotation":{"x":0.015519123524427414,"y":-0.9766509532928467,"z":0.20052140951156617,"w":0.0756448432803154},"size":0.5444521903991699,"orthographic":false}