{"cameraMode":{"drawMode":0,"name":"Shaded","section":"Shading Mode"},"sceneLighting":true,"audioPlay":false,"sceneViewState":{"m_AlwaysRefresh":false,"showFog":true,"showSkybox":true,"showFlares":true,"showImageEffects":true,"showParticleSystems":true,"showVisualEffectGraphs":true,"m_FxEnabled":true},"in2DMode":false,"pivot":{"x":-18.201385498046876,"y":16.277114868164064,"z":12.085840225219727},"rotation":{"x":0.010981891304254532,"y":0.9847052693367004,"z":-0.06686170399188996,"w":0.16067887842655183},"size":6.722503185272217,"orthographic":false}