{"cameraMode":{"drawMode":0,"name":"Shaded","section":"Shading Mode"},"sceneLighting":true,"audioPlay":false,"sceneViewState":{"m_AlwaysRefresh":false,"showFog":true,"showSkybox":true,"showFlares":true,"showImageEffects":true,"showParticleSystems":true,"showVisualEffectGraphs":true,"m_FxEnabled":true},"in2DMode":false,"pivot":{"x":38.835418701171878,"y":17.74417495727539,"z":-10.418951988220215},"rotation":{"x":-0.038756679743528369,"y":0.9533031582832336,"z":-0.14260858297348023,"w":-0.26382890343666079},"size":0.8660253882408142,"orthographic":false}