{"cameraMode":{"drawMode":0,"name":"Shaded","section":"Shading Mode"},"sceneLighting":false,"audioPlay":false,"sceneViewState":{"m_AlwaysRefresh":false,"showFog":true,"showSkybox":false,"showFlares":true,"showImageEffects":true,"showParticleSystems":true,"showVisualEffectGraphs":true,"m_FxEnabled":true},"in2DMode":false,"pivot":{"x":-0.08734193444252014,"y":0.4379875361919403,"z":0.06384500861167908},"rotation":{"x":-0.06958398967981339,"y":-0.1891336888074875,"z":0.012825028970837593,"w":-0.9794766306877136},"size":0.5935059189796448,"orthographic":false}