{"cameraMode":{"drawMode":0,"name":"Shaded","section":"Shading Mode"},"sceneLighting":false,"audioPlay":false,"sceneViewState":{"m_AlwaysRefresh":false,"showFog":true,"showSkybox":false,"showFlares":true,"showImageEffects":true,"showParticleSystems":true,"showVisualEffectGraphs":true,"m_FxEnabled":true},"in2DMode":false,"pivot":{"x":30.65006446838379,"y":12.687068939208985,"z":-46.04145812988281},"rotation":{"x":0.024912932887673379,"y":-0.21278974413871766,"z":0.0054273153655231,"w":0.9767652750015259},"size":1.6985318660736085,"orthographic":false}