{"cameraMode":{"drawMode":0,"name":"Shaded","section":"Shading Mode"},"sceneLighting":false,"audioPlay":false,"sceneViewState":{"m_AlwaysRefresh":false,"showFog":true,"showSkybox":false,"showFlares":true,"showImageEffects":true,"showParticleSystems":true,"showVisualEffectGraphs":true,"m_FxEnabled":true},"in2DMode":false,"pivot":{"x":0.237822487950325,"y":0.12474912405014038,"z":-0.16626426577568055},"rotation":{"x":-0.06958398967981339,"y":-0.1891336888074875,"z":0.012825028970837593,"w":-0.9794766306877136},"size":0.5935070514678955,"orthographic":false}